{"trialID":[1,1,1,1,1,1,1,1,1,1,1,1,1,1,1,1,2,2,2,2,2,2,2,2,2,2,2,2,2,2,2,2],"stimExemplar":[1,2,3,4,5,6,7,8,9,10,11,12,13,14,15,16,1,2,3,4,5,6,7,8,9,10,11,12,13,14,15,16],"stimCoords_Final":[[635.72,162.72],[770.72,100.72],[846.72,258.72],[702.72,65.72],[733.72,224.72000000000003],[844.72,230.72],[456.72,196.72],[653.72,457.72],[626.72,59.72],[513.72,406.72],[656.72,314.72],[561.72,243.72000000000003],[578.72,445.72],[591.72,179.72],[832.72,332.72],[553.72,81.72],[513.72,406.72],[790.72,396.72],[770.72,100.72],[844.72,230.72],[728.72,440.72],[846.72,258.72],[578.72,445.72],[626.72,59.72],[467.72,345.72],[653.72,457.72],[447.72,271.72],[832.72,332.72],[820.72,158.72],[493.72,129.72],[456.72,196.72],[702.72,65.72]],"stimCoords_Orig":[[820.72,158.72],[770.72,100.72],[846.72,258.72],[702.72,65.72],[790.72,396.72],[844.72,230.72],[456.72,196.72],[653.72,457.72],[626.72,59.72],[513.72,406.72],[728.72,440.72],[447.72,271.72],[578.72,445.72],[493.72,129.72],[832.72,332.72],[553.72,81.72],[513.72,406.72],[790.72,396.72],[770.72,100.72],[844.72,230.72],[728.72,440.72],[846.72,258.72],[578.72,445.72],[626.72,59.72],[467.72,345.72],[653.72,457.72],[447.72,271.72],[832.72,332.72],[820.72,158.72],[493.72,129.72],[456.72,196.72],[702.72,65.72]],"stimNames":["stim1.png","stim2.png","stim3.png","stim4.png","stim5.png","stim6.png","stim7.png","stim8.png","stim9.png","stim10.png","stim11.png","stim12.png","stim13.png","stim14.png","stim15.png","stim16.png","stim1.png","stim2.png","stim3.png","stim4.png","stim5.png","stim6.png","stim7.png","stim8.png","stim9.png","stim10.png","stim11.png","stim12.png","stim13.png","stim14.png","stim15.png","stim16.png"]}